symptom,importance
headache,0.019311843391978716
vomiting,0.017514554635222074
burning_abdominal_pain,0.012386231706982229
nausea,0.01211091094046983
back_pain,0.012105438376432284
sharp_chest_pain,0.011698692428213869
cough,0.011548645561285195
fever,0.011085613759737411
sharp_abdominal_pain,0.010413321801596518
pelvic_pain,0.009891589848417544
allergic_reaction,0.009672229389690916
side_pain,0.009360894709415911
weakness,0.009085702853429379
joint_pain,0.009004594001574337
dizziness,0.008890065672526542
shortness_of_breath,0.00864278595284619
lower_abdominal_pain,0.008472537896908964
skin_rash,0.008455250813875848
sore_throat,0.00842917504272116
lower_body_pain,0.008299225516750344
difficulty_breathing,0.007905677602957663
chest_tightness,0.007819633345458491
decreased_appetite,0.007079077746556468
nasal_congestion,0.006963446822439298
diarrhea,0.00692366273454294
problems_with_movement,0.006848072343389007
ache_all_over,0.006558843749375175
hot_flashes,0.006397504662730457
heartburn,0.00634616971393797
chills,0.0063166209421105035
symptoms_of_the_face,0.006262617886203838
neck_pain,0.0062417798304821755
coryza,0.0062064092707447205
leg_pain,0.006121400190871828
pus_draining_from_ear,0.006076395437301549
vaginal_discharge,0.006009812228056582
difficulty_in_swallowing,0.006009119712929063
symptoms_of_the_scrotum_and_testes,0.0059888449032673196
regurgitation_1,0.005984985370895466
vomiting_blood,0.00597580201744002
disturbance_of_memory,0.005962288470955361
ear_pain,0.005873645677507828
arm_pain,0.00586369483409376
shoulder_pain,0.005792443631065874
itchy_ear_s,0.0057410260731755106
knee_pain,0.00573361820072688
blood_in_stool,0.0057296851867192486
pain_during_pregnancy,0.00564869928944484
rectal_bleeding,0.005646176827140086
coughing_up_sputum,0.005645910960254487
skin_irritation,0.005621919507916098
back_cramps_or_spasms,0.005521987729114958
fluid_retention,0.005520878151260773
skin_moles,0.005441379376641908
suprapubic_pain,0.0054151883338310735
foot_or_toe_pain,0.005407031106716765
skin_swelling,0.0054042212225387755
retention_of_urine,0.005374339592484903
wheezing,0.005356776254277432
cramps_and_spasms,0.0053549449528438545
low_back_pain,0.005346258023591641
abnormal_involuntary_movements,0.0052663942392418405
warts,0.005256851739660476
abusing_alcohol,0.005240172431598304
intermenstrual_bleeding,0.005238154901692568
mouth_ulcer,0.005161347086850244
upper_abdominal_pain,0.005124856806449787
elbow_pain,0.005063847431948255
insomnia,0.005059048046707117
flu_like_syndrome,0.0049672452660651295
hand_or_finger_pain,0.004961263012137304
leg_weakness,0.004947636052829771
swollen_eye,0.004840090426336387
leg_swelling,0.004834838983404137
loss_of_sensation,0.004799109570574714
vaginal_pain,0.004782379609275259
involuntary_urination,0.00477673928226729
abnormal_appearing_skin,0.004766797000379057
peripheral_edema,0.004720215081825454
arm_weakness,0.004702800078933289
stomach_bloating,0.004690418127970514
double_vision,0.004648534848452921
constipation,0.004645823920229492
pain_during_intercourse,0.00457959196066334
fainting,0.004544454459148174
hip_pain,0.004521440497215946
paresthesia,0.004519698588032488
itchy_scalp,0.00451132672824791
lip_swelling,0.004506335405303048
painful_urination,0.004483106423873357
decreased_heart_rate,0.004475383925466987
breathing_fast,0.00444300341379561
frontal_headache,0.00440622292758244
abnormal_breathing_sounds,0.004378809598637825
facial_pain,0.004372081203652808
uterine_contractions,0.004346072596169765
pulling_at_ears,0.004323211140271673
congestion_in_chest,0.004322641483977557
changes_in_stool_appearance,0.004261355194687799
temper_problems,0.004250398765222416
problems_during_pregnancy,0.004234893282588853
heavy_menstrual_flow,0.004225687220987405
acne_or_pimples,0.004198448632955862
nosebleed,0.004191650459130214
wrist_pain,0.004166434860351213
difficulty_speaking,0.004163563379520639
hysterical_behavior,0.004120831660551249
white_discharge_from_eye,0.004117321870360121
diaper_rash,0.004106677039413115
blood_clots_during_menstrual_periods,0.004102000836289584
feeling_ill,0.0040729267342211615
throat_swelling,0.004072078922995925
symptoms_of_the_kidneys,0.004071899629244808
fears_and_phobias,0.0040688332621663156
hurts_to_breath,0.0040607110661038896
restlessness,0.004036090484516929
hemoptysis,0.00397828724763383
fatigue,0.003912279671841336
itching_of_skin,0.003908294255684244
irregular_appearing_scalp,0.003902738001001797
skin_growth,0.003793179640208269
eyelid_lesion_or_rash,0.00378574505682565
skin_lesion,0.003785228292622057
sneezing,0.0037027502884090097
hip_stiffness_or_tightness,0.003674546369387734
spotting_or_bleeding_during_pregnancy,0.0036511359722005278
depressive_or_psychotic_symptoms,0.0036442163082358136
hoarse_voice,0.0036175317962263464
palpitations,0.0035526971407721843
wrist_swelling,0.0034976980619123616
lacrimation,0.003491950086139188
increased_heart_rate,0.0034359339194562784
low_self_esteem,0.0033607651059514793
kidney_mass,0.003329161409780203
drug_abuse,0.003320518629026665
pain_of_the_anus,0.003280549592887245
vaginal_itching,0.0032775620073424976
sleepiness,0.0032733565812285677
ankle_pain,0.0032236609065644513
recent_pregnancy,0.0031917214640785323
sinus_congestion,0.0031864293295896236
sweating,0.0031701182711574845
burning_chest_pain,0.003166824822149188
unusual_color_or_odor_to_urine,0.0031390865325986394
hand_or_finger_swelling,0.0031106013575592346
frequent_menstruation,0.003090222549357943
mass_or_swelling_around_the_anus,0.003070441689705457
elbow_swelling,0.0030465173321375318
skin_dryness_peeling_scaliness_or_roughness,0.0030127129666804803
regurgitation,0.00300591125568108
eye_redness,0.002957780163573161
depression,0.0029036808841434447
itchiness_of_eye,0.0028888859083486137
neck_mass,0.0028482233237217447
hand_or_finger_stiffness_or_tightness,0.0028479488851090935
irregular_heartbeat,0.002837093143673254
hand_or_finger_weakness,0.002834770308462605
seizures,0.002807262837634278
irritable_infant,0.002759504108720772
unpredictable_menstruation,0.0027552466956557576
melena,0.002753748670912431
frequent_urination,0.002735678521359183
long_menstrual_periods,0.002714939418744737
infertility,0.002705076521129928
spots_or_clouds_in_vision,0.0026940924958468453
weight_gain,0.0026871490850272467
anxiety_and_nervousness,0.002686587408870987
painful_sinuses,0.0026607887686043437
knee_swelling,0.002650000156220536
jaundice,0.002618720475253453
painful_menstruation,0.0025976841698442344
symptoms_of_bladder,0.0025976015263188944
swollen_or_red_tonsils,0.0025792820722121096
diminished_hearing,0.002578108753326661
mouth_pain,0.0025622995889959532
rib_pain,0.0025424209107592797
ankle_swelling,0.002531670952070597
hand_or_finger_lump_or_mass,0.0025009195828395183
focal_weakness,0.0024627864659513866
plugged_feeling_in_ear,0.00243579541914345
eye_burns_or_stings,0.0024354162535205524
blood_in_urine,0.0024224874253616514
hostile_behavior,0.0023743710860130423
groin_pain,0.0023447035671530676
fluid_in_ear,0.0023400837968407585
arm_stiffness_or_tightness,0.002332249269507987
mouth_dryness,0.0023270147496807715
excessive_anger,0.002326641846770234
arm_swelling,0.0023237770366950176
foot_or_toe_swelling,0.0022799736790722184
bones_are_painful,0.002275147503056501
ringing_in_ear,0.00220678278051745
delusions_or_hallucinations,0.0021871298735941826
pain_in_eye,0.0021674325379072543
diminished_vision,0.0021650622352159705
symptoms_of_prostate,0.002116915044886149
foreign_body_sensation_in_eye,0.0021016958494193467
back_stiffness_or_tightness,0.002063827270333508
vaginal_redness,0.002051928748159686
redness_in_ear,0.00199587464323004
symptoms_of_eye,0.0019870116098942344
blindness,0.0019602689896889743
itching_of_the_anus,0.0019320818592495027
mass_on_eyelid,0.0019129507556080577
knee_stiffness_or_tightness,0.0018785125976971385
infant_feeding_problem,0.001871803437844598
gum_pain,0.0017932130373930321
neck_swelling,0.0017857277758899601
eyelid_swelling,0.0017032213892693448
shoulder_stiffness_or_tightness,0.0016905012971277428
apnea,0.0016726098272456524
obsessions_and_compulsions,0.0016443471827583755
arm_lump_or_mass,0.0016417527829640866
irregular_appearing_nails,0.0016405270797603224
back_mass_or_lump,0.001562364574422385
toothache,0.0014998216955264987
hesitancy,0.0014261565226675234
antisocial_behavior,0.0013645022359486348
abnormal_movement_of_eyelid,0.0013278869056198412
impotence,0.0013126080344448665
bleeding_from_eye,0.0011843573214130384
bleeding_gums,0.0011706881518885363
low_urine_output,0.0011646779600666107
bleeding_from_ear,0.0011594533662210773
pain_in_testicles,0.0011449756942718157
excessive_urination_at_night,0.0010560698108358232
swelling_of_scrotum,0.0010443942977249974
lack_of_growth,0.0010391216118981552
jaw_swelling,0.0008962160463267546
pain_in_gums,0.0008004980046460273
