Disease,Precision,Recall,F1,Support
skin pigmentation disorder,57.77777778,64.59627329,60.99706745,161
skin polyp,60,65.2173913,62.5,161
personality disorder,55.70776256,74.84662577,63.87434555,163
acute bronchospasm,57.26872247,79.75460123,66.66666667,163
chronic obstructive pulmonary disease (copd),62.30366492,73.45679012,67.42209632,162
degenerative disc disease,58.84955752,82.09876543,68.55670103,162
noninfectious gastroenteritis,74.56896552,71.78423237,73.15010571,241
infectious gastroenteritis,77.13004484,70.781893,73.81974249,243
gallstone,64.52991453,93.20987654,76.26262626,162
schizophrenia,73.71428571,79.14110429,76.33136095,163
psoriasis,68.93203883,86.06060606,76.54986523,165
temporary or benign blood in urine,73.98843931,79.50310559,76.64670659,161
acute bronchitis,91.06145251,67.3553719,77.43467933,242
herniated disk,69.85645933,87.95180723,77.86666667,166
spinal stenosis,88.1443299,70.66115702,78.44036697,242
asthma,74.31693989,83.43558282,78.61271676,163
cystitis,84.72222222,75,79.56521739,244
contact dermatitis,75.40106952,85.45454545,80.11363636,165
vaginal cyst,84.54545455,76.54320988,80.34557235,243
threatened pregnancy,69.81981982,95.09202454,80.51948052,163
spondylosis,90.95477387,74.48559671,81.90045249,243
actinic keratosis,91.66666667,74.69135802,82.31292517,162
pneumonia,96.15384615,72.31404959,82.54716981,242
spontaneous abortion,92.78350515,74.38016529,82.56880734,242
marijuana abuse,94.17989418,73.55371901,82.59860789,242
eczema,88.67924528,78.00829876,83.00220751,241
fungal infection of the hair,91.13300493,76.44628099,83.14606742,242
croup,80.79096045,88.81987578,84.61538462,161
cholecystitis,95.78947368,75.83333333,84.65116279,240
depression,88.31168831,81.92771084,85,166
appendicitis,79.58115183,93.82716049,86.11898017,162
idiopathic excessive menstruation,81.72043011,91.01796407,86.11898017,167
common cold,82.06521739,92.63803681,87.03170029,163
diverticulitis,87.65432099,88.01652893,87.83505155,242
acute sinusitis,82.05128205,96.38554217,88.64265928,166
idiopathic painful menstruation,89.8089172,87.57763975,88.67924528,161
idiopathic irregular menstrual cycle,87.79069767,92.63803681,90.14925373,163
pelvic inflammatory disease,88.62275449,91.92546584,90.24390244,161
brachial neuritis,91.41104294,90.3030303,90.85365854,165
nose disorder,96.33027523,86.06557377,90.90909091,244
otitis media,92.40506329,90.12345679,91.25,162
complex regional pain syndrome,93.93939394,89.30041152,91.56118143,243
acute pancreatitis,95.51569507,88.01652893,91.61290323,242
urinary tract infection,87.29281768,96.93251534,91.86046512,163
pain after an operation,88.57142857,96.27329193,92.26190476,161
sickle cell crisis,88.70056497,96.91358025,92.62536873,162
problem during pregnancy,92.68292683,92.68292683,92.68292683,164
cornea infection,92.12121212,93.25153374,92.68292683,163
vulvodynia,98.17351598,88.1147541,92.87257019,244
hemorrhoids,93.75,92.02453988,92.87925697,163
chronic constipation,92.81437126,93.37349398,93.09309309,166
rectal disorder,93.75,92.59259259,93.16770186,162
peripheral nerve disorder,92.36947791,94.65020576,93.49593496,243
hyperemesis gravidarum,91.27906977,96.3190184,93.73134328,163
sinus bradycardia,92.35294118,96.3190184,94.29429429,163
panic disorder,93.90243902,95.0617284,94.47852761,162
vaginitis,93.45238095,95.73170732,94.57831325,164
conjunctivitis due to allergy,95.39748954,93.82716049,94.60580913,243
carpal tunnel syndrome,95.67901235,94.51219512,95.09202454,164
esophagitis,97.4137931,93.00411523,95.15789474,243
conjunctivitis,93.56725146,96.96969697,95.23809524,165
hiatal hernia,96.25,94.47852761,95.35603715,163
strep throat,97.4137931,93.38842975,95.35864979,242
ear drum damage,95.70552147,95.12195122,95.41284404,164
acute bronchiolitis,98.67256637,92.53112033,95.50321199,241
seasonal allergies (hay fever),96.27329193,95.09202454,95.67901235,163
otitis externa (swimmer's ear),94.57831325,96.91358025,95.73170732,162
gastrointestinal hemorrhage,97.0464135,94.65020576,95.83333333,243
chronic back pain,96.83544304,95.0310559,95.92476489,161
angina,94.70588235,97.57575758,96.11940299,165
sepsis,93.67816092,98.78787879,96.16519174,165
anxiety,97.4248927,94.9790795,96.18644068,239
sprain or strain,98.69565217,93.80165289,96.18644068,242
sebaceous cyst,95.23809524,97.56097561,96.38554217,164
gout,96.68049793,96.28099174,96.48033126,242
acute kidney injury,96.34146341,97.5308642,96.93251534,162
arthritis of the hip,97.89915966,96.28099174,97.08333333,242
injury to the trunk,99.35064935,95.0310559,97.14285714,161
heart failure,98.11320755,96.2962963,97.19626168,162
drug reaction,96.36363636,98.14814815,97.24770642,162
multiple sclerosis,96.42857143,98.18181818,97.2972973,165
injury to the leg,97.5,97.09543568,97.2972973,241
injury to the arm,98.31223629,96.68049793,97.48953975,241
allergy,98.11320755,96.89440994,97.5,161
heart attack,98.73417722,96.2962963,97.5,162
hypertensive heart disease,97.51552795,97.51552795,97.51552795,161
gum disease,95.26627219,100,97.57575758,161
macular degeneration,98.1595092,98.1595092,98.1595092,163
dental caries,100,96.62447257,98.2832618,237
diaper rash,98.75,98.13664596,98.4423676,161
pyogenic skin infection,98.21428571,98.80239521,98.50746269,167
benign prostatic hyperplasia (bph),98.75518672,98.75518672,98.75518672,241
eustachian tube dysfunction (ear disorder),99.375,98.14814815,98.75776398,162
stye,99.39393939,98.20359281,98.79518072,167
developmental disability,100,98.18181818,99.08256881,165
hypoglycemia,100,98.35390947,99.17012448,243
liver disease,99.58333333,98.76033058,99.17012448,242
bursitis,99.58333333,99.17012448,99.37629938,241
concussion,100,99.15966387,99.57805907,238
obstructive sleep apnea (osa),100,99.58158996,99.79035639,239
